{
  "hash": "45b4fc8b",
  "configHash": "37997b4e",
  "lockfileHash": "d49f4e8c",
  "browserHash": "32ac65ae",
  "optimized": {
    "@angular/core": {
      "src": "../../../../../../node_modules/@angular/core/fesm2022/core.mjs",
      "file": "@angular_core.js",
      "fileHash": "5f4f39c3",
      "needsInterop": false
    },
    "@angular/platform-browser": {
      "src": "../../../../../../node_modules/@angular/platform-browser/fesm2022/platform-browser.mjs",
      "file": "@angular_platform-browser.js",
      "fileHash": "e0254320",
      "needsInterop": false
    },
    "@angular/router": {
      "src": "../../../../../../node_modules/@angular/router/fesm2022/router.mjs",
      "file": "@angular_router.js",
      "fileHash": "c783aab5",
      "needsInterop": false
    },
    "@angular/forms": {
      "src": "../../../../../../node_modules/@angular/forms/fesm2022/forms.mjs",
      "file": "@angular_forms.js",
      "fileHash": "b23e17cd",
      "needsInterop": false
    }
  },
  "chunks": {
    "chunk-PWRYXBUA": {
      "file": "chunk-PWRYXBUA.js"
    },
    "chunk-OSJ3I4CV": {
      "file": "chunk-OSJ3I4CV.js"
    },
    "chunk-LLYRNIIC": {
      "file": "chunk-LLYRNIIC.js"
    }
  }
}